[
{
    "model": "blog.author",
    "pk": 1,
    "fields":
    {
        "name": "cody",
        "qq": "221494561",
        "addr": "addr_1",
        "email": "addr_1@q.qcom"
    }
},
{
    "model": "blog.author",
    "pk": 2,
    "fields":
    {
        "name": "cody2",
        "qq": "029363643",
        "addr": "addr_2",
        "email": "addr_2@q.qcom"
    }
},
{
    "model": "blog.author",
    "pk": 3,
    "fields":
    {
        "name": "cody3",
        "qq": "996895747",
        "addr": "addr_2",
        "email": "addr_2@q.qcom"
    }
},
{
    "model": "blog.author",
    "pk": 4,
    "fields":
    {
        "name": "cody4",
        "qq": "237046534",
        "addr": "addr_2",
        "email": "addr_2@q.qcom"
    }
},
{
    "model": "blog.author",
    "pk": 5,
    "fields":
    {
        "name": "cody5",
        "qq": "604329579",
        "addr": "addr_1",
        "email": "addr_1@q.qcom"
    }
},
{
    "model": "blog.article",
    "pk": 1,
    "fields":
    {
        "title": "django \u6559\u7a0b_1",
        "author": 5,
        "content": "django \u6559\u7a0b_1 \u6b63\u6587",
        "score": 74,
        "tags": [1]
    }
},
{
    "model": "blog.article",
    "pk": 2,
    "fields":
    {
        "title": "django \u6559\u7a0b_2",
        "author": 3,
        "content": "django \u6559\u7a0b_2 \u6b63\u6587",
        "score": 93,
        "tags": [1]
    }
},
{
    "model": "blog.article",
    "pk": 3,
    "fields":
    {
        "title": "django \u6559\u7a0b_3",
        "author": 3,
        "content": "django \u6559\u7a0b_3 \u6b63\u6587",
        "score": 100,
        "tags": [1]
    }
},
{
    "model": "blog.article",
    "pk": 4,
    "fields":
    {
        "title": "django \u6559\u7a0b_4",
        "author": 3,
        "content": "django \u6559\u7a0b_4 \u6b63\u6587",
        "score": 84,
        "tags": [1]
    }
},
{
    "model": "blog.article",
    "pk": 5,
    "fields":
    {
        "title": "django \u6559\u7a0b_5",
        "author": 3,
        "content": "django \u6559\u7a0b_5 \u6b63\u6587",
        "score": 71,
        "tags": [1]
    }
},
{
    "model": "blog.article",
    "pk": 6,
    "fields":
    {
        "title": "django \u6559\u7a0b_6",
        "author": 3,
        "content": "django \u6559\u7a0b_6 \u6b63\u6587",
        "score": 72,
        "tags": [1]
    }
},
{
    "model": "blog.article",
    "pk": 7,
    "fields":
    {
        "title": "django \u6559\u7a0b_7",
        "author": 3,
        "content": "django \u6559\u7a0b_7 \u6b63\u6587",
        "score": 89,
        "tags": [1]
    }
},
{
    "model": "blog.article",
    "pk": 8,
    "fields":
    {
        "title": "django \u6559\u7a0b_8",
        "author": 3,
        "content": "django \u6559\u7a0b_8 \u6b63\u6587",
        "score": 99,
        "tags": [1]
    }
},
{
    "model": "blog.article",
    "pk": 9,
    "fields":
    {
        "title": "django \u6559\u7a0b_9",
        "author": 3,
        "content": "django \u6559\u7a0b_9 \u6b63\u6587",
        "score": 91,
        "tags": [1]
    }
},
{
    "model": "blog.article",
    "pk": 10,
    "fields":
    {
        "title": "django \u6559\u7a0b_10",
        "author": 3,
        "content": "django \u6559\u7a0b_10 \u6b63\u6587",
        "score": 76,
        "tags": [1]
    }
},
{
    "model": "blog.article",
    "pk": 11,
    "fields":
    {
        "title": "django \u6559\u7a0b_11",
        "author": 3,
        "content": "django \u6559\u7a0b_11 \u6b63\u6587",
        "score": 72,
        "tags": [1]
    }
},
{
    "model": "blog.article",
    "pk": 12,
    "fields":
    {
        "title": "django \u6559\u7a0b_12",
        "author": 3,
        "content": "django \u6559\u7a0b_12 \u6b63\u6587",
        "score": 100,
        "tags": [1]
    }
},
{
    "model": "blog.article",
    "pk": 13,
    "fields":
    {
        "title": "django \u6559\u7a0b_13",
        "author": 3,
        "content": "django \u6559\u7a0b_13 \u6b63\u6587",
        "score": 100,
        "tags": [1]
    }
},
{
    "model": "blog.article",
    "pk": 14,
    "fields":
    {
        "title": "django \u6559\u7a0b_14",
        "author": 3,
        "content": "django \u6559\u7a0b_14 \u6b63\u6587",
        "score": 79,
        "tags": [1]
    }
},
{
    "model": "blog.article",
    "pk": 15,
    "fields":
    {
        "title": "django \u6559\u7a0b_15",
        "author": 3,
        "content": "django \u6559\u7a0b_15 \u6b63\u6587",
        "score": 86,
        "tags": [1]
    }
},
{
    "model": "blog.article",
    "pk": 16,
    "fields":
    {
        "title": "django \u6559\u7a0b_16",
        "author": 3,
        "content": "django \u6559\u7a0b_16 \u6b63\u6587",
        "score": 88,
        "tags": [1]
    }
},
{
    "model": "blog.article",
    "pk": 17,
    "fields":
    {
        "title": "django \u6559\u7a0b_17",
        "author": 3,
        "content": "django \u6559\u7a0b_17 \u6b63\u6587",
        "score": 80,
        "tags": [1]
    }
},
{
    "model": "blog.article",
    "pk": 18,
    "fields":
    {
        "title": "django \u6559\u7a0b_18",
        "author": 3,
        "content": "django \u6559\u7a0b_18 \u6b63\u6587",
        "score": 75,
        "tags": [1]
    }
},
{
    "model": "blog.article",
    "pk": 19,
    "fields":
    {
        "title": "django \u6559\u7a0b_19",
        "author": 3,
        "content": "django \u6559\u7a0b_19 \u6b63\u6587",
        "score": 76,
        "tags": [1]
    }
},
{
    "model": "blog.article",
    "pk": 20,
    "fields":
    {
        "title": "django \u6559\u7a0b_20",
        "author": 3,
        "content": "django \u6559\u7a0b_20 \u6b63\u6587",
        "score": 83,
        "tags": [1]
    }
},
{
    "model": "blog.article",
    "pk": 21,
    "fields":
    {
        "title": "python \u6559\u7a0b_1",
        "author": 5,
        "content": "python \u6559\u7a0b_1 \u6b63\u6587",
        "score": 76,
        "tags": [2]
    }
},
{
    "model": "blog.article",
    "pk": 22,
    "fields":
    {
        "title": "python \u6559\u7a0b_2",
        "author": 5,
        "content": "python \u6559\u7a0b_2 \u6b63\u6587",
        "score": 74,
        "tags": [2]
    }
},
{
    "model": "blog.article",
    "pk": 23,
    "fields":
    {
        "title": "python \u6559\u7a0b_3",
        "author": 5,
        "content": "python \u6559\u7a0b_3 \u6b63\u6587",
        "score": 98,
        "tags": [2]
    }
},
{
    "model": "blog.article",
    "pk": 24,
    "fields":
    {
        "title": "python \u6559\u7a0b_4",
        "author": 5,
        "content": "python \u6559\u7a0b_4 \u6b63\u6587",
        "score": 98,
        "tags": [2]
    }
},
{
    "model": "blog.article",
    "pk": 25,
    "fields":
    {
        "title": "python \u6559\u7a0b_5",
        "author": 5,
        "content": "python \u6559\u7a0b_5 \u6b63\u6587",
        "score": 89,
        "tags": [2]
    }
},
{
    "model": "blog.article",
    "pk": 26,
    "fields":
    {
        "title": "python \u6559\u7a0b_6",
        "author": 5,
        "content": "python \u6559\u7a0b_6 \u6b63\u6587",
        "score": 88,
        "tags": [2]
    }
},
{
    "model": "blog.article",
    "pk": 27,
    "fields":
    {
        "title": "python \u6559\u7a0b_7",
        "author": 5,
        "content": "python \u6559\u7a0b_7 \u6b63\u6587",
        "score": 73,
        "tags": [2]
    }
},
{
    "model": "blog.article",
    "pk": 28,
    "fields":
    {
        "title": "python \u6559\u7a0b_8",
        "author": 5,
        "content": "python \u6559\u7a0b_8 \u6b63\u6587",
        "score": 74,
        "tags": [2]
    }
},
{
    "model": "blog.article",
    "pk": 29,
    "fields":
    {
        "title": "python \u6559\u7a0b_9",
        "author": 5,
        "content": "python \u6559\u7a0b_9 \u6b63\u6587",
        "score": 73,
        "tags": [2]
    }
},
{
    "model": "blog.article",
    "pk": 30,
    "fields":
    {
        "title": "python \u6559\u7a0b_10",
        "author": 5,
        "content": "python \u6559\u7a0b_10 \u6b63\u6587",
        "score": 93,
        "tags": [2]
    }
},
{
    "model": "blog.article",
    "pk": 31,
    "fields":
    {
        "title": "python \u6559\u7a0b_11",
        "author": 5,
        "content": "python \u6559\u7a0b_11 \u6b63\u6587",
        "score": 78,
        "tags": [2]
    }
},
{
    "model": "blog.article",
    "pk": 32,
    "fields":
    {
        "title": "python \u6559\u7a0b_12",
        "author": 5,
        "content": "python \u6559\u7a0b_12 \u6b63\u6587",
        "score": 95,
        "tags": [2]
    }
},
{
    "model": "blog.article",
    "pk": 33,
    "fields":
    {
        "title": "python \u6559\u7a0b_13",
        "author": 5,
        "content": "python \u6559\u7a0b_13 \u6b63\u6587",
        "score": 85,
        "tags": [2]
    }
},
{
    "model": "blog.article",
    "pk": 34,
    "fields":
    {
        "title": "python \u6559\u7a0b_14",
        "author": 5,
        "content": "python \u6559\u7a0b_14 \u6b63\u6587",
        "score": 80,
        "tags": [2]
    }
},
{
    "model": "blog.article",
    "pk": 35,
    "fields":
    {
        "title": "python \u6559\u7a0b_15",
        "author": 5,
        "content": "python \u6559\u7a0b_15 \u6b63\u6587",
        "score": 93,
        "tags": [2]
    }
},
{
    "model": "blog.article",
    "pk": 36,
    "fields":
    {
        "title": "python \u6559\u7a0b_16",
        "author": 5,
        "content": "python \u6559\u7a0b_16 \u6b63\u6587",
        "score": 78,
        "tags": [2]
    }
},
{
    "model": "blog.article",
    "pk": 37,
    "fields":
    {
        "title": "python \u6559\u7a0b_17",
        "author": 5,
        "content": "python \u6559\u7a0b_17 \u6b63\u6587",
        "score": 98,
        "tags": [2]
    }
},
{
    "model": "blog.article",
    "pk": 38,
    "fields":
    {
        "title": "python \u6559\u7a0b_18",
        "author": 5,
        "content": "python \u6559\u7a0b_18 \u6b63\u6587",
        "score": 100,
        "tags": [2]
    }
},
{
    "model": "blog.article",
    "pk": 39,
    "fields":
    {
        "title": "python \u6559\u7a0b_19",
        "author": 5,
        "content": "python \u6559\u7a0b_19 \u6b63\u6587",
        "score": 93,
        "tags": [2]
    }
},
{
    "model": "blog.article",
    "pk": 40,
    "fields":
    {
        "title": "python \u6559\u7a0b_20",
        "author": 5,
        "content": "python \u6559\u7a0b_20 \u6b63\u6587",
        "score": 95,
        "tags": [2]
    }
},
{
    "model": "blog.article",
    "pk": 41,
    "fields":
    {
        "title": "html \u5165\u95e8_1",
        "author": 5,
        "content": "html \u5165\u95e8_1 \u6b63\u6587",
        "score": 95,
        "tags": [3]
    }
},
{
    "model": "blog.article",
    "pk": 42,
    "fields":
    {
        "title": "html \u5165\u95e8_2",
        "author": 5,
        "content": "html \u5165\u95e8_2 \u6b63\u6587",
        "score": 96,
        "tags": [3]
    }
},
{
    "model": "blog.article",
    "pk": 43,
    "fields":
    {
        "title": "html \u5165\u95e8_3",
        "author": 5,
        "content": "html \u5165\u95e8_3 \u6b63\u6587",
        "score": 100,
        "tags": [3]
    }
},
{
    "model": "blog.article",
    "pk": 44,
    "fields":
    {
        "title": "html \u5165\u95e8_4",
        "author": 5,
        "content": "html \u5165\u95e8_4 \u6b63\u6587",
        "score": 83,
        "tags": [3]
    }
},
{
    "model": "blog.article",
    "pk": 45,
    "fields":
    {
        "title": "html \u5165\u95e8_5",
        "author": 5,
        "content": "html \u5165\u95e8_5 \u6b63\u6587",
        "score": 100,
        "tags": [3]
    }
},
{
    "model": "blog.article",
    "pk": 46,
    "fields":
    {
        "title": "html \u5165\u95e8_6",
        "author": 5,
        "content": "html \u5165\u95e8_6 \u6b63\u6587",
        "score": 85,
        "tags": [3]
    }
},
{
    "model": "blog.article",
    "pk": 47,
    "fields":
    {
        "title": "html \u5165\u95e8_7",
        "author": 5,
        "content": "html \u5165\u95e8_7 \u6b63\u6587",
        "score": 88,
        "tags": [3]
    }
},
{
    "model": "blog.article",
    "pk": 48,
    "fields":
    {
        "title": "html \u5165\u95e8_8",
        "author": 5,
        "content": "html \u5165\u95e8_8 \u6b63\u6587",
        "score": 89,
        "tags": [3]
    }
},
{
    "model": "blog.article",
    "pk": 49,
    "fields":
    {
        "title": "html \u5165\u95e8_9",
        "author": 5,
        "content": "html \u5165\u95e8_9 \u6b63\u6587",
        "score": 92,
        "tags": [3]
    }
},
{
    "model": "blog.article",
    "pk": 50,
    "fields":
    {
        "title": "html \u5165\u95e8_10",
        "author": 5,
        "content": "html \u5165\u95e8_10 \u6b63\u6587",
        "score": 71,
        "tags": [3]
    }
},
{
    "model": "blog.article",
    "pk": 51,
    "fields":
    {
        "title": "html \u5165\u95e8_11",
        "author": 5,
        "content": "html \u5165\u95e8_11 \u6b63\u6587",
        "score": 94,
        "tags": [3]
    }
},
{
    "model": "blog.article",
    "pk": 52,
    "fields":
    {
        "title": "html \u5165\u95e8_12",
        "author": 5,
        "content": "html \u5165\u95e8_12 \u6b63\u6587",
        "score": 91,
        "tags": [3]
    }
},
{
    "model": "blog.article",
    "pk": 53,
    "fields":
    {
        "title": "html \u5165\u95e8_13",
        "author": 5,
        "content": "html \u5165\u95e8_13 \u6b63\u6587",
        "score": 84,
        "tags": [3]
    }
},
{
    "model": "blog.article",
    "pk": 54,
    "fields":
    {
        "title": "html \u5165\u95e8_14",
        "author": 5,
        "content": "html \u5165\u95e8_14 \u6b63\u6587",
        "score": 77,
        "tags": [3]
    }
},
{
    "model": "blog.article",
    "pk": 55,
    "fields":
    {
        "title": "html \u5165\u95e8_15",
        "author": 5,
        "content": "html \u5165\u95e8_15 \u6b63\u6587",
        "score": 74,
        "tags": [3]
    }
},
{
    "model": "blog.article",
    "pk": 56,
    "fields":
    {
        "title": "html \u5165\u95e8_16",
        "author": 5,
        "content": "html \u5165\u95e8_16 \u6b63\u6587",
        "score": 70,
        "tags": [3]
    }
},
{
    "model": "blog.article",
    "pk": 57,
    "fields":
    {
        "title": "html \u5165\u95e8_17",
        "author": 5,
        "content": "html \u5165\u95e8_17 \u6b63\u6587",
        "score": 80,
        "tags": [3]
    }
},
{
    "model": "blog.article",
    "pk": 58,
    "fields":
    {
        "title": "html \u5165\u95e8_18",
        "author": 5,
        "content": "html \u5165\u95e8_18 \u6b63\u6587",
        "score": 93,
        "tags": [3]
    }
},
{
    "model": "blog.article",
    "pk": 59,
    "fields":
    {
        "title": "html \u5165\u95e8_19",
        "author": 5,
        "content": "html \u5165\u95e8_19 \u6b63\u6587",
        "score": 90,
        "tags": [3]
    }
},
{
    "model": "blog.article",
    "pk": 60,
    "fields":
    {
        "title": "html \u5165\u95e8_20",
        "author": 5,
        "content": "html \u5165\u95e8_20 \u6b63\u6587",
        "score": 96,
        "tags": [3]
    }
},
{
    "model": "blog.article",
    "pk": 61,
    "fields":
    {
        "title": "javascript \u7cbe\u901a_1",
        "author": 3,
        "content": "javascript \u7cbe\u901a_1 \u6b63\u6587",
        "score": 78,
        "tags": [4]
    }
},
{
    "model": "blog.article",
    "pk": 62,
    "fields":
    {
        "title": "javascript \u7cbe\u901a_2",
        "author": 3,
        "content": "javascript \u7cbe\u901a_2 \u6b63\u6587",
        "score": 71,
        "tags": [4]
    }
},
{
    "model": "blog.article",
    "pk": 63,
    "fields":
    {
        "title": "javascript \u7cbe\u901a_3",
        "author": 3,
        "content": "javascript \u7cbe\u901a_3 \u6b63\u6587",
        "score": 70,
        "tags": [4]
    }
},
{
    "model": "blog.article",
    "pk": 64,
    "fields":
    {
        "title": "javascript \u7cbe\u901a_4",
        "author": 3,
        "content": "javascript \u7cbe\u901a_4 \u6b63\u6587",
        "score": 85,
        "tags": [4]
    }
},
{
    "model": "blog.article",
    "pk": 65,
    "fields":
    {
        "title": "javascript \u7cbe\u901a_5",
        "author": 3,
        "content": "javascript \u7cbe\u901a_5 \u6b63\u6587",
        "score": 87,
        "tags": [4]
    }
},
{
    "model": "blog.article",
    "pk": 66,
    "fields":
    {
        "title": "javascript \u7cbe\u901a_6",
        "author": 3,
        "content": "javascript \u7cbe\u901a_6 \u6b63\u6587",
        "score": 71,
        "tags": [4]
    }
},
{
    "model": "blog.article",
    "pk": 67,
    "fields":
    {
        "title": "javascript \u7cbe\u901a_7",
        "author": 3,
        "content": "javascript \u7cbe\u901a_7 \u6b63\u6587",
        "score": 70,
        "tags": [4]
    }
},
{
    "model": "blog.article",
    "pk": 68,
    "fields":
    {
        "title": "javascript \u7cbe\u901a_8",
        "author": 3,
        "content": "javascript \u7cbe\u901a_8 \u6b63\u6587",
        "score": 70,
        "tags": [4]
    }
},
{
    "model": "blog.article",
    "pk": 69,
    "fields":
    {
        "title": "javascript \u7cbe\u901a_9",
        "author": 3,
        "content": "javascript \u7cbe\u901a_9 \u6b63\u6587",
        "score": 74,
        "tags": [4]
    }
},
{
    "model": "blog.article",
    "pk": 70,
    "fields":
    {
        "title": "javascript \u7cbe\u901a_10",
        "author": 3,
        "content": "javascript \u7cbe\u901a_10 \u6b63\u6587",
        "score": 84,
        "tags": [4]
    }
},
{
    "model": "blog.article",
    "pk": 71,
    "fields":
    {
        "title": "javascript \u7cbe\u901a_11",
        "author": 3,
        "content": "javascript \u7cbe\u901a_11 \u6b63\u6587",
        "score": 79,
        "tags": [4]
    }
},
{
    "model": "blog.article",
    "pk": 72,
    "fields":
    {
        "title": "javascript \u7cbe\u901a_12",
        "author": 3,
        "content": "javascript \u7cbe\u901a_12 \u6b63\u6587",
        "score": 82,
        "tags": [4]
    }
},
{
    "model": "blog.article",
    "pk": 73,
    "fields":
    {
        "title": "javascript \u7cbe\u901a_13",
        "author": 3,
        "content": "javascript \u7cbe\u901a_13 \u6b63\u6587",
        "score": 87,
        "tags": [4]
    }
},
{
    "model": "blog.article",
    "pk": 74,
    "fields":
    {
        "title": "javascript \u7cbe\u901a_14",
        "author": 3,
        "content": "javascript \u7cbe\u901a_14 \u6b63\u6587",
        "score": 92,
        "tags": [4]
    }
},
{
    "model": "blog.article",
    "pk": 75,
    "fields":
    {
        "title": "javascript \u7cbe\u901a_15",
        "author": 3,
        "content": "javascript \u7cbe\u901a_15 \u6b63\u6587",
        "score": 90,
        "tags": [4]
    }
},
{
    "model": "blog.article",
    "pk": 76,
    "fields":
    {
        "title": "javascript \u7cbe\u901a_16",
        "author": 3,
        "content": "javascript \u7cbe\u901a_16 \u6b63\u6587",
        "score": 77,
        "tags": [4]
    }
},
{
    "model": "blog.article",
    "pk": 77,
    "fields":
    {
        "title": "javascript \u7cbe\u901a_17",
        "author": 3,
        "content": "javascript \u7cbe\u901a_17 \u6b63\u6587",
        "score": 80,
        "tags": [4]
    }
},
{
    "model": "blog.article",
    "pk": 78,
    "fields":
    {
        "title": "javascript \u7cbe\u901a_18",
        "author": 3,
        "content": "javascript \u7cbe\u901a_18 \u6b63\u6587",
        "score": 84,
        "tags": [4]
    }
},
{
    "model": "blog.article",
    "pk": 79,
    "fields":
    {
        "title": "javascript \u7cbe\u901a_19",
        "author": 3,
        "content": "javascript \u7cbe\u901a_19 \u6b63\u6587",
        "score": 74,
        "tags": [4]
    }
},
{
    "model": "blog.article",
    "pk": 80,
    "fields":
    {
        "title": "javascript \u7cbe\u901a_20",
        "author": 3,
        "content": "javascript \u7cbe\u901a_20 \u6b63\u6587",
        "score": 73,
        "tags": [4]
    }
},
{
    "model": "blog.tag",
    "pk": 1,
    "fields":
    {
        "name": "django"
    }
},
{
    "model": "blog.tag",
    "pk": 2,
    "fields":
    {
        "name": "python"
    }
},
{
    "model": "blog.tag",
    "pk": 3,
    "fields":
    {
        "name": "html"
    }
},
{
    "model": "blog.tag",
    "pk": 4,
    "fields":
    {
        "name": "javascript"
    }
}]